{
    "loss": 0.21004536747932434,
    "accuracy": 0.9396551847457886
}