{
    "loss": 0.16999603807926178,
    "accuracy": 0.9568965435028076
}